{"x": [72.65281615789655, 48.3710177275883, 95.14990768696666, 18.91788886080825, 22.942966360142325], "y": [91.85794228013125, 3.217420241611868, 91.29454605282169, 20.087288061449847, 74.33084492341544], "z": [59.32108567840577, 40.29988002705852, 55.68460751993742, 77.81612379552753, 37.519004713367124]}