{
  "x": [
    75.98963198883892, 11.066722440068254, 32.17429282803439, 76.96620014838618,
    23.985146123825697
  ],
  "y": [
    76.44356268876797, 96.0448639470934, 34.888564481922515, 30.45456055838588,
    27.493989294041132
  ],
  "z": [
    41.72356119588932, 64.60317493002965, 94.21604496745196, 75.3243633753685,
    97.37742058520797
  ]
}
